[{
		"name": "python",
		"cmd": "--version",
		"regex": "[0-9]*[.][0-9]*[.0-9]*"
	}, {
		"name": "java",
		"cmd": "-version",
		"regex": "[0-9]*[.][0-9]*[a-zA-Z0-9_.-]*"
	}, {
		"name": "perl",
		"cmd": "-version",
		"regex": "[0-9]*[.][0-9]*[.][0-9]*"
	}, {
		"name": "curl",
		"cmd": "--version",
		"regex": "[0-9]*[.][0-9]*[.0-9]*"
	}, {
		"name": "nano",
		"cmd": "--version",
		"regex": "[0-9]*[.][0-9]*[.0-9]*"
	}, {
		"name": "php",
		"cmd": "-v",
		"regex": "[0-9]*[.][0-9]*[.0-9]*"
	},{
		"name": "ruby",
		"cmd": "--version",
		"regex": "[0-9]*[.][0-9]*[a-zA-Z0-9_.-]*"
	}, {
		"name": "scala",
		"cmd": "-version",
		"regex": "[0-9]*[.][0-9]*[.0-9]*"
	}, {
		"name": "groovy",
		"cmd": "-version",
		"regex": "[0-9]*[.][0-9]*[.0-9]*"
	},{
		"name": "apache2",
		"cmd": "-version",
		"regex": "[0-9]*[.][0-9]*[a-zA-Z0-9_.-]*"
	}, {
		"name": "nginx",
		"cmd": "-v",
		"regex": "[0-9]*[.][0-9]*[.0-9]*"
	}, {
		"name": "pip",
		"cmd": "--version",
		"regex": "[0-9]*[.][0-9]*[.0-9]*"
	}, {
		"name": "nodejs",
		"cmd": "--version",
		"regex": "[0-9]*[.][0-9]*[.0-9]*"
	}, {
		"name": "npm",
		"cmd": "-v",
		"regex": "[0-9]*[.][0-9]*[.0-9]*"
	}, {
		"name": "gunicorn",
		"cmd": "--version",
		"regex": "[0-9]*[.][0-9]*[.0-9]*"
	},
	{
		"name": "wget",
		"cmd": "--version",
		"regex": "[0-9]*[.][0-9]*[.0-9]*"
	}
]



