{"count": 12250, "images": [{"__v": 0, "is_private": null, "status": "pending", "pulls": 61, "is_automated": null, "last_updated": "2017-01-12T18:35:59.553Z", "distro": "Alpine Linux v3.5", "id_tag": 7212654, "name": "ellerbrock/bash-it:latest", "stars": 0, "size": 6289161, "description": "Bash Shell v.4.4 with bash-it, bats and bash-completion based on Alpine Linux", "repository": 1152940, "_id": "58789051afbfb200105bedfa", "last_scan": "2017-01-13T08:31:13.484Z", "inspect_info": {"Architecture": "amd64", "Id": "sha256:a71c1e4c5f298af593b5c8482d967ea069aab3a0e38816fd5051c9052d5fdbe0", "Container": "d417491267c0477ae07986af965c1349b9885c34e0c0dd42f507f613d6a03b2a", "DockerVersion": "1.12.3-cs3", "RepoTags": ["ellerbrock/bash-it:latest"], "Size": 16175222, "RootFS": {"Layers": ["sha256:60ab55d3379d47c1ba6b6225d59d10e1f52096ee9d5c816e42c635ccc57a5a2b", "sha256:d3c1f0d421c589a060cb5d3cb8cce13556619d873e71d9237b7a364a8de99d06", "sha256:a4249fd189c026bf666ac4f30f5a2bb5d6845c5e41c7eff90ff616b54310ae5a", "sha256:a97a698a1bbc4c0e70625edbf722b4543db695e0c83e4f325f95b04f482af607"], "Type": "layers"}, "Author": "Maik Ellerbrock", "Created": "2017-01-12T18:35:55.738398382Z", "Config": {"AttachStdout": false, "OnBuild": [], "AttachStderr": false, "Cmd": null, "User": "bashit", "AttachStdin": false, "Hostname": "11fbdc1f630f", "Env": ["PATH=/usr/local/sbin:/usr/local/bin:/usr/sbin:/usr/bin:/sbin:/bin", "_BASH_GPG_KEY=7C0135FB088AAF6C66C650B9BB5869F064EA74AB", "_BASH_VERSION=4.4", "_BASH_PATCH_LEVEL=0", "_BASH_LATEST_PATCH=5", "VERSION=0.0.3", "DUMP_INIT_VERSION=1.2.0", "SERVICE_USER=bashit", "SERVICE_HOME=/home/bashit"], "OpenStdin": false, "Volumes": null, "StdinOnce": false, "ArgsEscaped": true, "Domainname": "", "Tty": false, "Entrypoint": ["/usr/bin/dumb-init", "/bin/bash"], "Image": "sha256:f7eca9e40521a1580407b592de779c9c253cb9330e216dd4712e6eec06ac7dd3", "WorkingDir": "/home/bashit"}, "Os": "linux", "ContainerConfig": {"AttachStdout": false, "OnBuild": [], "AttachStderr": false, "Cmd": ["/bin/sh", "-c", "#(nop) ", "ENTRYPOINT [\"/usr/bin/dumb-init\" \"/bin/bash\"]"], "User": "bashit", "AttachStdin": false, "Hostname": "11fbdc1f630f", "Env": ["PATH=/usr/local/sbin:/usr/local/bin:/usr/sbin:/usr/bin:/sbin:/bin", "_BASH_GPG_KEY=7C0135FB088AAF6C66C650B9BB5869F064EA74AB", "_BASH_VERSION=4.4", "_BASH_PATCH_LEVEL=0", "_BASH_LATEST_PATCH=5", "VERSION=0.0.3", "DUMP_INIT_VERSION=1.2.0", "SERVICE_USER=bashit", "SERVICE_HOME=/home/bashit"], "OpenStdin": false, "Volumes": null, "StdinOnce": false, "ArgsEscaped": true, "Domainname": "", "Tty": false, "Entrypoint": ["/usr/bin/dumb-init", "/bin/bash"], "Image": "sha256:f7eca9e40521a1580407b592de779c9c253cb9330e216dd4712e6eec06ac7dd3", "WorkingDir": "/home/bashit"}, "Parent": "", "Comment": "", "GraphDriver": {"Data": null, "Name": "aufs"}, "VirtualSize": 16175222, "RepoDigests": ["ellerbrock/bash-it@sha256:7e721124ea0f126611c521ea0f23d2757fa2e05063aacb1f65726973f932e805"]}, "creator": 1331941, "softwares": [{"software": "httpd", "ver": "1.25.1"}, {"software": "wget", "ver": "1.25.1"}], "user": null}, {"__v": 0, "is_private": null, "status": "updated", "pulls": 64, "is_automated": null, "last_updated": "2017-01-11T14:31:35.198Z", "distro": "Debian GNU/Linux 8 (jessie)", "id_tag": 7266404, "name": "mjlescano/pazarando.com.ar:latest", "stars": 0, "size": 132947665, "description": "pazarando.com.ar", "repository": 1158257, "_id": "58789071afbfb200105bedfb", "last_scan": "2017-01-13T08:31:44.287Z", "inspect_info": {"Architecture": "amd64", "Id": "sha256:1d5f6fd9ff2f4a8846c6e6214986785198cab23ce3388f2783d62f4cae88288a", "Container": "129a9114ec88603b58a78656f6b99920e1c54c47383c290262daea298d15597c", "DockerVersion": "1.12.3-cs3", "RepoTags": ["mjlescano/pazarando.com.ar:latest"], "Size": 337727778, "RootFS": {"Layers": ["sha256:b6ca02dfe5e62c58dacb1dec16eb42ed35761c15562485f9da9364bb7c90b9b3", "sha256:60a0858edcd5aad240966e33389850e4328de4cfb5282977eddda56bffc7f95f", "sha256:5d903f8d5f17e05e72b189533a7ae17f35bcad940ac69ba5d85cca322a51842c", "sha256:418d776fd1e2eb39653961cad4e788ff9bc5cc86c330797638404f3a233f976b", "sha256:135cb54dee303e627a65bfa926a9980ec03e67411ee5e08b263ae8ddb389eb76", "sha256:0208724688324d926f4b07ee10a4e4bb4760946dcfa07135d38e3223146c192f", "sha256:e152546fabb9ab055a0e1ceb5c301ddfca9136877fd659e763f846d76709ec1d", "sha256:241f2da8ba8753ce10c62edb17c8ff2e67352b7e07dcf96ba8f5ec65a52cd768", "sha256:581452dff1df575ae897759457158af2fb9333afa8988695b77da1470d191490", "sha256:8dc45631881e9f00640e58350f2c76ad16ca48d629bb08392a9567f94e8380a7"], "Type": "layers"}, "Author": 